Screen Name,File Path,Current Compliance %,Phase 1 Status,Phase 2 Status,Phase 3 Status,Hardcoded Colors Fixed,GlassCard Added,LinearGradient Added,Haptic Added,Animations Added,EmptyState Added,SkeletonLoader Added,Typography Fixed,Estimated Hours,Actual Hours,Notes,Assigned To
ModernTransferMenuScreen,src/screens/transfers/ModernTransferMenuScreen.tsx,75%,Pending,Pending,Pending,No,No,Yes,No,No,No,No,No,2-3,,Highest compliance already,
ModernSavingsMenuScreen,src/screens/savings/ModernSavingsMenuScreen.tsx,72%,Pending,Pending,Pending,No,No,Yes,No,No,No,No,No,2-3,,Similar to transfers,
ModernAIChatScreen,src/screens/ModernAIChatScreen.tsx,65%,Pending,Pending,Pending,No,No,Yes,No,Partial,No,No,No,4-5,,Need to migrate Animated API,
ModernDashboardScreen,src/screens/dashboard/ModernDashboardScreen.tsx,45%,Pending,Pending,Pending,Yes,No,No,No,No,No,Yes,Yes,3-4,,Wrapper component,
RewardsScreen,src/screens/rewards/RewardsScreen.tsx,40%,Pending,Pending,Pending,Yes,No,No,No,No,No,Yes,Yes,3-4,,Delegates to RewardsDashboard,
SettingsScreen,src/screens/settings/SettingsScreen.tsx,35%,Critical,Pending,Pending,No,No,No,No,No,No,No,No,4-5,,29 hardcoded colors,
LoginScreen,src/screens/auth/LoginScreen.tsx,30%,Critical,Pending,Pending,No,No,No,No,No,No,No,No,3-4,,Line 699 critical issue,
TransactionHistoryScreen,src/screens/history/TransactionHistoryScreen.tsx,28%,Pending,High,Pending,No,No,No,No,No,No,No,No,3-4,,High traffic screen,
BillPaymentScreen,src/screens/bills/BillPaymentScreen.tsx,12%,Pending,High,Pending,No,No,No,No,No,No,No,No,4-5,,Uses old TenantContext,
SecurityMonitoringScreen,src/screens/security/SecurityMonitoringScreen.tsx,5%,Critical,Pending,Pending,No,No,No,No,No,No,No,No,5-6,,33 hardcoded colors,
CBNComplianceScreen,src/screens/security/CBNComplianceScreen.tsx,5%,Critical,Pending,Pending,No,No,No,No,No,No,No,No,5-6,,35 hardcoded colors,
PCIDSSComplianceScreen,src/screens/security/PCIDSSComplianceScreen.tsx,5%,Critical,Pending,Pending,No,No,No,No,No,No,No,No,5-6,,40 hardcoded colors,
ExternalTransferScreen,src/screens/transfers/ExternalTransferScreen.tsx,8%,Pending,Pending,High,No,No,No,No,No,No,No,No,3-4,,,
CompleteTransferFlow,src/screens/transfers/CompleteTransferFlow.tsx,8%,Pending,High,Pending,No,No,No,No,Partial,No,No,No,4-5,,Uses legacy Animated,
CompleteTransferFlowScreen,src/screens/transfers/CompleteTransferFlowScreen.tsx,8%,Pending,Pending,High,No,No,No,No,No,No,No,No,4-5,,,
PersonalLoanScreen,src/screens/loans/PersonalLoanScreen.tsx,10%,Pending,Pending,High,No,No,No,No,No,No,No,No,4-5,,,
ModernLoansMenuScreen,src/screens/loans/ModernLoansMenuScreen.tsx,10%,Pending,Pending,High,No,No,No,No,No,No,No,No,3-4,,,
FlexibleSavingsScreen,src/screens/savings/FlexibleSavingsScreen.tsx,10%,Pending,Pending,High,No,No,No,No,No,No,No,No,3-4,,,
TransactionDetailsScreen,src/screens/transactions/TransactionDetailsScreen.tsx,8%,Pending,Pending,High,No,No,No,No,No,No,No,No,3-4,,,
PromoCodesScreen,src/screens/promo/PromoCodesScreen.tsx,10%,Pending,Pending,Medium,No,No,No,No,No,No,No,No,2-3,,,
RegistrationScreen,src/screens/auth/RegistrationScreen.tsx,18%,Pending,High,Pending,No,Yes,Yes,Yes,Yes,No,No,No,3-4,,Good example to follow,
ReferralScreen,src/screens/referrals/ReferralScreen.tsx,15%,Pending,Pending,Medium,No,Yes,Yes,Yes,Yes,Yes,Yes,No,3-4,,Good example to follow,
ReferralAdminDashboard,src/screens/admin/ReferralAdminDashboard.tsx,10%,Pending,Pending,Medium,No,No,No,No,No,No,No,No,3-4,,,
ModernRBACManagementScreen,src/screens/admin/ModernRBACManagementScreen.tsx,5%,Pending,Pending,Medium,No,No,No,No,No,No,No,No,4-5,,Complex admin screen,
TransactionAnalyticsScreen,src/screens/analytics/TransactionAnalyticsScreen.tsx,10%,Pending,Pending,Medium,No,No,No,No,No,No,No,No,3-4,,Data visualization needs,
